angry,happy,peaceful,sad
angry,happiness,peaceful,sadness
sad,love,nature,sad
mood,happy,peace,love
angryface,life,love,depression
attitude,smile,photography,alone
anger,instagood,sunset,quotes
angryfeminist,motivation,beautiful,broken
jealous,
,naturephotography,life
angrymom,like,peaceofmind,sadedits
angrybaby,peace,calm,brokenheart
angryme,inspiration,meditation,follow
angrymood,photooftheday,life,mood
angrycat,beautiful,relax,like
angryyoungman
angryorchard,joy,photooftheday,anxiety
angrycat,travel,instagood,pain
angryface,friends,landscape,crying
angrybaby,picoftheday,happiness,lovequotes
angrydog,positivevibes,winter,heartbroken
angrykitty
angryeyes, fun,sky,cry
angrymom,follow,beach,sadgirl
angrysky,goodvibes,travelphotography,lonely
angryman,selflove,yoga,l
angrygirl,beauty,beauty,sadvideos
angrybeavers
angrycats,art,instagram
,,sadboy
angrylook,
,positivity,ig,tears
,loveyourself,relaxing,bhfyp
,me,follow,help
,goals,landscapephotography,feelings
,fitness,positivevibes,sadquotespage
,,clouds,triste
,music,sea,dark
,cute,blessed
,peaceandlove,aesthetic
,christmas,trees,suicide
,gratitude,mountains,bhfyp
,selfcare,photo,hate
,freedom ,sunrise,hurt
,style,meditation
,believe,explore,darkness
,grateful,naturelovers,me
,mindfulness,blessed,sadposts
,memories,snow,death
,wedding,adventure,upset
,selfie,family,sadlife
,passion,forest,explorepage
,mindset,instadaily,heart
,happinessishere,grateful
,happinessquotes,world,sadnessquotes
,happinessisachoice,view,sadnessandsorrow
,happinessis,zen,sadnesss
,happinessoverload
,happinessproject,,sadnessinsideout
,,,sadnessoverload
,happinesss,green,sadnesstime
,happinessiskey,serenity,sadnessday
,happinesshomemade,,sadnessisarebellion
,happinessdelight,peacefull,sadnessisablessing
,smile
,happinessbeginstour,peacefulplace,sadnessquotess
,happinesseverywhere,peacefulmind,sadnessgoaway
,happinessbegins,peacefulness,sadnesscosplay
,happinessday,peacefulpakistan,sadnessedit
,happinessisfree,peacefully,sadnesstoo
,happinesscomesfromwithin,peacefullife,sadnessforever
,happinessmood,,sadnessintheair
,happinessinacup,peacefulparenting
,happinessisthekey,peacefulmorning,sadnessisbeautiful
,,peacefulliving,sadnesshurts
,,peacefulnight
,,peacefulmoment,depressed
,,peacefulplaces,sadnessreliever
,,peacefulvibes,sadnessinmyheart
,,peacefulmind,peacefulhooligan
,,peacefuleasyfeeling
,happy
